hospital_id,hospital_name,neighborhood,system,data_completeness,cpt,cpt_desc,gross_charge,discounted_cash,de_identified_min,de_identified_max,bcbs_price,bcbs_source,bcbs_plan,aetna_price,aetna_source,harvard_pilgrim_price,hp_plan_name,hp_source,uhc_price,uhc_source,bcbs_tic_rate,bcbs_tic_billing_class,billing_class,setting,rate_methodology,turquoise_bundled_price,turquoise_quality_rating,masscomparecare_total_paid,fh_physician_in_network,fh_physician_oon,fh_anesthesia_in_network,fh_facility_hosp_in_network,fh_facility_asc_in_network,fh_pathology_in_network
bidmc,Beth Israel Deaconess Medical Center,Longwood,Beth Israel Lahey Health,gross_only,43235,EGD diagnostic,2834.0,,,,,,,,,,,,,,,,unknown,both,,,4,,604,1359,853,2133,704,
bidmc,Beth Israel Deaconess Medical Center,Longwood,Beth Israel Lahey Health,gross_only,43239,EGD with biopsy,2615.0,,,,,,,,,,,,,,,,unknown,both,,,4,,604,1359,853,2133,704,
bidmc,Beth Israel Deaconess Medical Center,Longwood,Beth Israel Lahey Health,gross_only,43244,EGD band ligation,5492.0,,,,,,,,,,,,,,,,unknown,both,,,4,,753,1175,,3109,1210,
bidmc,Beth Israel Deaconess Medical Center,Longwood,Beth Israel Lahey Health,gross_only,43249,EGD with dilation,5492.0,,,,,,,,,,,,,,,,unknown,both,,,4,,466,783,,3449,1310,
bidmc,Beth Israel Deaconess Medical Center,Longwood,Beth Israel Lahey Health,gross_only,43255,EGD bleeding control,5492.0,,,,,,,,,,,,,,,,unknown,both,,,4,,616,1077,853,2513,930,
bidmc,Beth Israel Deaconess Medical Center,Longwood,Beth Israel Lahey Health,gross_only,43259,EGD with ultrasound,8938.0,,,,,,,,,,,,,,,,unknown,both,,,4,,694,1099,853,2737,1518,
bidmc,Beth Israel Deaconess Medical Center,Longwood,Beth Israel Lahey Health,gross_only,45378,Colonoscopy diagnostic,2406.0,,,,,,,,,,,,,,,,unknown,both,,3128,4,2304,735,1118,770,1923,908,
bidmc,Beth Israel Deaconess Medical Center,Longwood,Beth Israel Lahey Health,gross_only,45380,Colonoscopy with biopsy,3237.0,,,,,,,,,,,,,,,,unknown,both,,,4,,941,1359,770,2350,866,114
bidmc,Beth Israel Deaconess Medical Center,Longwood,Beth Israel Lahey Health,gross_only,45384,Colonoscopy polyp removal (hot),3237.0,,,,,,,,,,,,,,,,unknown,both,,,4,,564,1366,770,2635,1058,114
bidmc,Beth Israel Deaconess Medical Center,Longwood,Beth Israel Lahey Health,gross_only,45385,Colonoscopy polyp removal (snare),3237.0,,,,,,,,,,,,,,,,unknown,both,,,4,,941,1359,770,2350,866,114
bidmc,Beth Israel Deaconess Medical Center,Longwood,Beth Israel Lahey Health,gross_only,45388,Colonoscopy ablation,3691.0,,,,,,,,,,,,,,,,unknown,both,,,4,,843,1080,,2165,976,
bidmc,Beth Israel Deaconess Medical Center,Longwood,Beth Israel Lahey Health,gross_only,74176,CT Abd/Pelvis w/o contrast,2359.0,,,,,,,,,,,,,,,,unknown,both,,1173,4,,253,403,,984,,
bidmc,Beth Israel Deaconess Medical Center,Longwood,Beth Israel Lahey Health,gross_only,74177,CT Abd/Pelvis w/ contrast,3721.0,,,,,,,,,,,,,,,,unknown,both,,1173,4,,281,422,,2215,,
bidmc,Beth Israel Deaconess Medical Center,Longwood,Beth Israel Lahey Health,gross_only,74178,CT Abd/Pelvis w/ and w/o contrast,3721.0,,,,,,,,,,,,,,,,unknown,both,,1173,4,,281,422,,2215,,
bidmc,Beth Israel Deaconess Medical Center,Longwood,Beth Israel Lahey Health,gross_only,76700,Abdominal US complete,1333.0,,,,,,,,,,,,,,,,unknown,both,,,4,,117,165,,400,,
bidmc,Beth Israel Deaconess Medical Center,Longwood,Beth Israel Lahey Health,gross_only,76705,Abdominal US limited,1158.0,,,,,,,,,,,,,,,,unknown,both,,,4,,85,119,,412,,
bidmc,Beth Israel Deaconess Medical Center,Longwood,Beth Israel Lahey Health,gross_only,91110,GI tract capsule endoscopy,5610.0,,,,,,,,,,,,,,,,unknown,both,,,4,,358,767,,3517,,
bmc,Boston Medical Center,South End,Independent,full,43235,EGD diagnostic,1123.0,280.75,1010.64,3264.67,1278.93,negotiated_dollar,BLUE CROSS  OUT OF STATE HMO,1198.25,negotiated_dollar,1644.19,HPHC-HARVARD PILGRIM HPI,negotiated_dollar,1603.82,negotiated_dollar,,,unknown,outpatient,,,3,,604,1359,853,2133,704,
bmc,Boston Medical Center,South End,Independent,full,43239,EGD with biopsy,1322.0,330.5,1010.64,3264.67,1278.93,negotiated_dollar,BLUE CROSS OUT OF STATE PPO,1500.85,negotiated_dollar,1644.19,HPHC-HARVARD PILGRIM HPI,negotiated_dollar,1603.82,negotiated_dollar,,,unknown,outpatient,,,3,,604,1359,853,2133,704,
bmc,Boston Medical Center,South End,Independent,full,43244,EGD band ligation,2267.0,566.75,1010.64,7703.8,2491.1,negotiated_dollar,BLUE CROSS-INDEMNITY,1500.85,negotiated_dollar,2882.31,HPHC-HARVARD PILGRIM HEALTHCAR,negotiated_dollar,2811.55,negotiated_dollar,,,unknown,outpatient,,,3,,753,1175,,3109,1210,
bmc,Boston Medical Center,South End,Independent,full,43249,EGD with dilation,1743.0,435.75,1010.64,3264.67,2491.1,negotiated_dollar,BLUE CROSS  OUT OF STATE HMO,1500.85,negotiated_dollar,2882.31,HPHC-HARVARD PILGRIM HEALTHCAR,negotiated_dollar,2882.31,negotiated_dollar,,,unknown,outpatient,,,3,,466,783,,3449,1310,
bmc,Boston Medical Center,South End,Independent,full,43255,EGD bleeding control,2170.0,542.5,1010.64,7703.8,2491.1,negotiated_dollar,BLUE CROSS-PPO,1500.85,negotiated_dollar,2882.31,HPHC-HARVARD PILGRIM HEALTHCAR,negotiated_dollar,2882.31,negotiated_dollar,,,unknown,outpatient,,,3,,616,1077,853,2513,930,
bmc,Boston Medical Center,South End,Independent,full,43259,EGD with ultrasound,2333.0,583.25,1010.64,7703.8,2491.1,negotiated_dollar,BLUE CROSS OUT OF STATE INDEMNIT,1990.62,negotiated_dollar,2882.31,HPHC-HARVARD PILGRIM HPI,negotiated_dollar,2811.55,negotiated_dollar,,,unknown,outpatient,,,3,,694,1099,853,2737,1518,
bmc,Boston Medical Center,South End,Independent,full,45378,Colonoscopy diagnostic,1672.0,418.0,1020.59,3264.67,1250.94,negotiated_dollar,BLUE CROSS OUT OF STATE INDEMNIT,1500.85,negotiated_dollar,1608.22,HPHC-HARVARD PILGRIM HEALTHCAR,negotiated_dollar,1608.22,negotiated_dollar,,,unknown,outpatient,,948,3,2322,735,1118,770,1923,908,
bmc,Boston Medical Center,South End,Independent,full,45380,Colonoscopy with biopsy,2000.0,500.0,1020.59,3264.67,1645.44,negotiated_dollar,BLUE CROSS-HMO BLUE,1500.85,negotiated_dollar,2115.37,HPHC-HARVARD PILGRIM HPI,negotiated_dollar,2063.44,negotiated_dollar,,,unknown,outpatient,,,3,,941,1359,770,2350,866,114
bmc,Boston Medical Center,South End,Independent,full,45384,Colonoscopy polyp removal (hot),2086.0,521.5,1020.59,3264.67,1645.44,negotiated_dollar,BLUE CROSS  OUT OF STATE HMO,1500.85,negotiated_dollar,2115.37,HPHC-HARVARD PILGRIM HEALTHCAR,negotiated_dollar,2063.44,negotiated_dollar,,,unknown,outpatient,,,3,,564,1366,770,2635,1058,114
bmc,Boston Medical Center,South End,Independent,full,45385,Colonoscopy polyp removal (snare),2371.0,592.75,1020.59,3264.67,1645.44,negotiated_dollar,BLUE CROSS-INDEMNITY,1500.85,negotiated_dollar,2115.37,HPHC-HARVARD PILGRIM HEALTHCAR,negotiated_dollar,2063.44,negotiated_dollar,,,unknown,outpatient,,,3,,941,1359,770,2350,866,114
bmc,Boston Medical Center,South End,Independent,full,45388,Colonoscopy ablation,1378.0,344.5,1098.98,3264.67,1645.44,negotiated_dollar,BLUE CROSS  OUT OF STATE HMO,1500.85,negotiated_dollar,2115.37,HPHC-HARVARD PILGRIM HEALTHCAR,negotiated_dollar,2115.37,negotiated_dollar,,,unknown,outpatient,,,3,,843,1080,,2165,976,
bmc,Boston Medical Center,South End,Independent,full,74176,CT Abd/Pelvis w/o contrast,2117.0,529.25,396.79,2562.57,660.39,negotiated_dollar,BLUE CROSS-PPO,,,396.79,HPHC-HARVARD PILGRIM HEALTHCAR,negotiated_dollar,396.79,negotiated_dollar,,,unknown,outpatient,,1100,3,,253,403,,984,,
bmc,Boston Medical Center,South End,Independent,full,74177,CT Abd/Pelvis w/ contrast,3344.0,836.0,639.2,4115.74,1105.27,negotiated_dollar,BLUE CROSS OUT OF STATE INDEMNIT,,,664.1,HPHC-HARVARD PILGRIM HPI,negotiated_dollar,664.1,negotiated_dollar,,,unknown,outpatient,,1100,3,,281,422,,2215,,
bmc,Boston Medical Center,South End,Independent,full,74178,CT Abd/Pelvis w/ and w/o contrast,4248.0,1062.0,639.2,4115.74,1105.27,negotiated_dollar,BLUE CROSS OUT OF STATE INDEMNIT,,,664.1,HPHC-HARVARD PILGRIM HEALTHCAR,negotiated_dollar,664.1,negotiated_dollar,,,unknown,outpatient,,1100,3,,281,422,,2215,,
bmc,Boston Medical Center,South End,Independent,full,76700,Abdominal US complete,1334.0,333.5,147.96,1521.83,147.96,negotiated_dollar,BLUE CROSS-HMO BLUE,,,193.63,HPHC-HARVARD PILGRIM HEALTHCAR,negotiated_dollar,193.63,negotiated_dollar,,,unknown,outpatient,,,3,,117,165,,400,,
bmc,Boston Medical Center,South End,Independent,full,76705,Abdominal US limited,1024.0,256.0,147.96,1333.33,147.96,negotiated_dollar,BLUE CROSS OUT OF STATE INDEMNIT,,,193.63,HPHC-HARVARD PILGRIM HEALTHCAR,negotiated_dollar,193.63,negotiated_dollar,,,unknown,outpatient,,,3,,85,119,,412,,
bmc,Boston Medical Center,South End,Independent,full,91110,GI tract capsule endoscopy,4594.0,1148.5,1278.93,7945.14,1278.93,negotiated_dollar,BLUE CROSS-HMO BLUE,,,1644.19,HPHC-HARVARD PILGRIM HPI,negotiated_dollar,1644.19,negotiated_dollar,,,unknown,outpatient,,,3,,358,767,,3517,,
bmc_brighton,BMC Brighton (Formerly St. Elizabeth's),Brighton,BMC Health System,full,43235,EGD diagnostic,2013.15,905.918,475.07,1929.98,1086.97,negotiated_dollar,BMCB HB MEDICARE - NO IME,1086.97,negotiated_dollar,1086.97,BMCB HB MEDICARE - NO IME,negotiated_dollar,1086.97,negotiated_dollar,245.62,institutional,institutional,both,fee schedule,,,,604,1359,853,2133,704,
bmc_brighton,BMC Brighton (Formerly St. Elizabeth's),Brighton,BMC Health System,full,43239,EGD with biopsy,1975.88,889.146,475.07,1929.98,1086.97,negotiated_dollar,BMCB HB MEDICARE - NO IME,1086.97,negotiated_dollar,1086.97,BMCB HB MEDICARE - NO IME,negotiated_dollar,1086.97,negotiated_dollar,295.72,institutional,institutional,both,fee schedule,,,,604,1359,853,2133,704,
bmc_brighton,BMC Brighton (Formerly St. Elizabeth's),Brighton,BMC Health System,full,43244,EGD band ligation,4505.62,2027.529,475.07,4600.37,2299.71,negotiated_dollar,BMCB HB MEDICARE - NO IME,2299.71,negotiated_dollar,2299.71,BMCB HB MEDICARE - NO IME,negotiated_dollar,2299.71,negotiated_dollar,,,unknown,both,,,,,753,1175,,3109,1210,
bmc_brighton,BMC Brighton (Formerly St. Elizabeth's),Brighton,BMC Health System,full,43249,EGD with dilation,2816.0,1267.2,475.07,2989.62,2299.71,negotiated_dollar,BMCB HB MEDICARE - NO IME,2299.71,negotiated_dollar,2299.71,BMCB HB MEDICARE - NO IME,negotiated_dollar,2299.71,negotiated_dollar,227.02,institutional,institutional,both,fee schedule,,,,466,783,,3449,1310,
bmc_brighton,BMC Brighton (Formerly St. Elizabeth's),Brighton,BMC Health System,full,43255,EGD bleeding control,2816.0,1267.2,475.07,4600.37,2299.71,negotiated_dollar,BMCB HB MEDICARE - NO IME,2299.71,negotiated_dollar,2299.71,BMCB HB MEDICARE - NO IME,negotiated_dollar,2299.71,negotiated_dollar,295.62,institutional,institutional,both,fee schedule,,,,616,1077,853,2513,930,
bmc_brighton,BMC Brighton (Formerly St. Elizabeth's),Brighton,BMC Health System,full,43259,EGD with ultrasound,2816.0,1267.2,475.07,4600.37,2299.71,negotiated_dollar,BMCB HB MEDICARE - NO IME,2299.71,negotiated_dollar,2299.71,BMCB HB MEDICARE - NO IME,negotiated_dollar,2299.71,negotiated_dollar,,,unknown,both,,,,,694,1099,853,2737,1518,
bmc_brighton,BMC Brighton (Formerly St. Elizabeth's),Brighton,BMC Health System,full,45378,Colonoscopy diagnostic,1354.0,609.3,475.07,2658.0,1114.51,negotiated_dollar,BMCB HB MEDICARE - NO IME,1114.51,negotiated_dollar,1114.51,BMCB HB MEDICARE - NO IME,negotiated_dollar,1114.51,negotiated_dollar,330.48,institutional,institutional,both,fee schedule,,,2928,735,1118,770,1923,908,
bmc_brighton,BMC Brighton (Formerly St. Elizabeth's),Brighton,BMC Health System,full,45380,Colonoscopy with biopsy,1751.0,787.95,475.07,1929.98,1120.45,negotiated_dollar,BMCB HB BLUE CROSS INDEMNITY & PPO,1280.68,negotiated_dollar,1434.11,BMCB HB MEDICARE - NO IME,negotiated_dollar,1434.11,negotiated_dollar,384.14,institutional,institutional,both,fee schedule,,,,941,1359,770,2350,866,114
bmc_brighton,BMC Brighton (Formerly St. Elizabeth's),Brighton,BMC Health System,full,45384,Colonoscopy polyp removal (hot),,,,,433.17,bcbs_tic_insurer_mrf,HMO Blue Fully Insured (TiC),,,,,,,,433.17,institutional,institutional,outpatient,fee schedule,,,,564,1366,770,2635,1058,114
bmc_brighton,BMC Brighton (Formerly St. Elizabeth's),Brighton,BMC Health System,full,45385,Colonoscopy polyp removal (snare),1751.0,787.95,475.07,1929.98,1120.45,negotiated_dollar,BMCB HB BLUE CROSS INDEMNITY & PPO,1280.68,negotiated_dollar,1434.11,BMCB HB MEDICARE - NO IME,negotiated_dollar,1434.11,negotiated_dollar,446.77,institutional,institutional,both,fee schedule,,,,941,1359,770,2350,866,114
bmc_brighton,BMC Brighton (Formerly St. Elizabeth's),Brighton,BMC Health System,full,45388,Colonoscopy ablation,1751.0,787.95,475.07,4308.0,1120.45,negotiated_dollar,BMCB HB BLUE CROSS INDEMNITY & PPO,1280.68,negotiated_dollar,1434.11,BMCB HB MEDICARE - NO IME,negotiated_dollar,1434.11,negotiated_dollar,396.82,institutional,institutional,both,fee schedule,,,,843,1080,,2165,976,
bmc_brighton,BMC Brighton (Formerly St. Elizabeth's),Brighton,BMC Health System,full,74176,CT Abd/Pelvis w/o contrast,836.8,376.56,285.95,1108.0,574.25,negotiated_dollar,BMCB HB BLUE CROSS INDEMNITY & PPO,285.95,negotiated_dollar,285.95,BMCB HB MEDICARE - NO IME,negotiated_dollar,285.95,negotiated_dollar,258.39,institutional,institutional,both,fee schedule,,,,253,403,,984,,
bmc_brighton,BMC Brighton (Formerly St. Elizabeth's),Brighton,BMC Health System,full,74177,CT Abd/Pelvis w/ contrast,1421.95,639.878,418.11,1348.0,961.11,negotiated_dollar,BMCB HB BLUE CROSS INDEMNITY & PPO,418.11,negotiated_dollar,418.11,BMCB HB MEDICARE - NO IME,negotiated_dollar,418.11,negotiated_dollar,216.23,institutional,institutional,both,fee schedule,,,,281,422,,2215,,
bmc_brighton,BMC Brighton (Formerly St. Elizabeth's),Brighton,BMC Health System,full,74178,CT Abd/Pelvis w/ and w/o contrast,1421.95,639.878,418.11,1348.0,961.11,negotiated_dollar,BMCB HB BLUE CROSS INDEMNITY & PPO,418.11,negotiated_dollar,418.11,BMCB HB MEDICARE - NO IME,negotiated_dollar,418.11,negotiated_dollar,735.18,institutional,institutional,both,fee schedule,,,,281,422,,2215,,
bmc_brighton,BMC Brighton (Formerly St. Elizabeth's),Brighton,BMC Health System,full,76700,Abdominal US complete,621.18,279.531,125.29,475.07,125.29,negotiated_dollar,BMCB HB MEDICARE - NO IME,125.29,negotiated_dollar,125.29,BMCB HB MEDICARE - NO IME,negotiated_dollar,125.29,negotiated_dollar,160.83,institutional,institutional,both,fee schedule,,,,117,165,,400,,
bmc_brighton,BMC Brighton (Formerly St. Elizabeth's),Brighton,BMC Health System,full,76705,Abdominal US limited,523.84,235.728,125.29,475.07,125.29,negotiated_dollar,BMCB HB MEDICARE - NO IME,205.71,negotiated_dollar,125.29,BMCB HB MEDICARE - NO IME,negotiated_dollar,125.29,negotiated_dollar,160.83,institutional,institutional,both,fee schedule,,,,85,119,,412,,
bmc_brighton,BMC Brighton (Formerly St. Elizabeth's),Brighton,BMC Health System,full,91110,GI tract capsule endoscopy,1392.0,626.4,475.07,3012.8,1086.97,negotiated_dollar,BMCB HB MEDICARE - NO IME,1018.11,negotiated_dollar,1086.97,BMCB HB MEDICARE - NO IME,negotiated_dollar,1086.97,negotiated_dollar,1268.0,institutional,institutional,both,fee schedule,,,,358,767,,3517,,
brigham,Brigham and Women's Hospital,Longwood,Mass General Brigham,full,43235,EGD diagnostic,2421.0,1815.75,750.51,2384.07,1887.62,estimated_amount,HB BWH MEDICAID,,,1827.72,HMO (TiC),harvard pilgrim_tic_insurer_mrf,1183.29,unitedhealthcare_tic_insurer_mrf,496.88,institutional,institutional,outpatient,fee schedule,,5,,604,1359,853,2133,704,
brigham,Brigham and Women's Hospital,Longwood,Mass General Brigham,full,43239,EGD with biopsy,3692.0,2769.0,761.55,3017.1,2292.0,estimated_amount,HB BWH MEDICAID,,,1827.72,HMO (TiC),harvard pilgrim_tic_insurer_mrf,560.84,unitedhealthcare_tic_insurer_mrf,598.24,institutional,institutional,outpatient,fee schedule,,5,,604,1359,853,2133,704,
brigham,Brigham and Women's Hospital,Longwood,Mass General Brigham,full,43244,EGD band ligation,3611.0,2708.25,1119.41,5545.35,1516.96,estimated_amount,HB BWH MEDICAID,,,3204.05,HMO (TiC),harvard pilgrim_tic_insurer_mrf,992.89,unitedhealthcare_tic_insurer_mrf,,,unknown,outpatient,,,5,,753,1175,,3109,1210,
brigham,Brigham and Women's Hospital,Longwood,Mass General Brigham,full,43249,EGD with dilation,3643.0,2732.25,1129.33,2977.06,1264.13,estimated_amount,HB BWH MEDICAID,,,3204.05,HMO (TiC),harvard pilgrim_tic_insurer_mrf,620.86,unitedhealthcare_tic_insurer_mrf,459.25,institutional,institutional,outpatient,fee schedule,,5,,466,783,,3449,1310,
brigham,Brigham and Women's Hospital,Longwood,Mass General Brigham,full,43255,EGD bleeding control,3692.0,2769.0,1144.52,5545.35,598.03,bcbs_tic_insurer_mrf,HMO Blue Fully Insured (TiC),,,3204.05,HMO (TiC),harvard pilgrim_tic_insurer_mrf,812.55,unitedhealthcare_tic_insurer_mrf,598.03,institutional,institutional,outpatient,fee schedule,,5,,616,1077,853,2513,930,
brigham,Brigham and Women's Hospital,Longwood,Mass General Brigham,full,43259,EGD with ultrasound,3576.0,2682.0,1108.56,5545.35,1966.05,estimated_amount,HB BWH MEDICAID,,,3204.05,HMO (TiC),harvard pilgrim_tic_insurer_mrf,916.24,unitedhealthcare_tic_insurer_mrf,,,unknown,outpatient,,,5,,694,1099,853,2737,1518,
brigham,Brigham and Women's Hospital,Longwood,Mass General Brigham,full,45378,Colonoscopy diagnostic,3883.0,2912.25,744.89,3173.19,2962.84,estimated_amount,HB BWH MEDICAID,,,1787.74,HMO (TiC),harvard pilgrim_tic_insurer_mrf,1378.17,unitedhealthcare_tic_insurer_mrf,668.55,institutional,institutional,outpatient,fee schedule,2912,5,2627,735,1118,770,1923,908,
brigham,Brigham and Women's Hospital,Longwood,Mass General Brigham,full,45380,Colonoscopy with biopsy,2621.0,1965.75,812.51,2384.07,2042.32,estimated_amount,HB BWH MEDICAID,,,2351.5,HMO (TiC),harvard pilgrim_tic_insurer_mrf,811.94,unitedhealthcare_tic_insurer_mrf,777.11,institutional,institutional,outpatient,fee schedule,,5,,941,1359,770,2350,866,114
brigham,Brigham and Women's Hospital,Longwood,Mass General Brigham,full,45384,Colonoscopy polyp removal (hot),,,,,876.28,bcbs_tic_insurer_mrf,HMO Blue Fully Insured (TiC),,,2351.5,HMO (TiC),harvard pilgrim_tic_insurer_mrf,922.42,unitedhealthcare_tic_insurer_mrf,876.28,institutional,institutional,outpatient,fee schedule,,5,,564,1366,770,2635,1058,114
brigham,Brigham and Women's Hospital,Longwood,Mass General Brigham,full,45385,Colonoscopy polyp removal (snare),2618.0,1963.5,811.58,2453.74,1806.49,estimated_amount,HB BWH MEDICAID,,,2351.5,HMO (TiC),harvard pilgrim_tic_insurer_mrf,1029.74,unitedhealthcare_tic_insurer_mrf,903.8,institutional,institutional,outpatient,fee schedule,,5,,941,1359,770,2350,866,114
brigham,Brigham and Women's Hospital,Longwood,Mass General Brigham,full,45388,Colonoscopy ablation,,,,,802.76,bcbs_tic_insurer_mrf,HMO Blue Fully Insured (TiC),,,2351.5,HMO (TiC),harvard pilgrim_tic_insurer_mrf,1095.32,unitedhealthcare_tic_insurer_mrf,802.76,institutional,institutional,outpatient,fee schedule,,5,,843,1080,,2165,976,
brigham,Brigham and Women's Hospital,Longwood,Mass General Brigham,full,74176,CT Abd/Pelvis w/o contrast,1765.0,1323.75,230.56,1419.06,199.96,estimated_amount,HB BWH MEDICAID,,,647.87,HMO (TiC),harvard pilgrim_tic_insurer_mrf,309.17,unitedhealthcare_tic_insurer_mrf,345.39,institutional,institutional,outpatient,fee schedule,2698,5,,253,403,,984,,
brigham,Brigham and Women's Hospital,Longwood,Mass General Brigham,full,74177,CT Abd/Pelvis w/ contrast,2840.0,2130.0,385.88,2283.36,829.55,estimated_amount,HB BWH MEDICAID,,,1084.32,HMO (TiC),harvard pilgrim_tic_insurer_mrf,324.41,unitedhealthcare_tic_insurer_mrf,1156.15,institutional,institutional,outpatient,fee schedule,2698,5,,281,422,,2215,,
brigham,Brigham and Women's Hospital,Longwood,Mass General Brigham,full,74178,CT Abd/Pelvis w/ and w/o contrast,3598.0,2698.5,385.88,2892.79,677.27,estimated_amount,HB BWH MEDICAID,,,1084.32,HMO (TiC),harvard pilgrim_tic_insurer_mrf,1395.04,unitedhealthcare_tic_insurer_mrf,1156.15,institutional,institutional,outpatient,fee schedule,2698,5,,281,422,,2215,,
brigham,Brigham and Women's Hospital,Longwood,Mass General Brigham,full,76700,Abdominal US complete,987.0,740.25,112.51,806.58,398.81,estimated_amount,HB BWH MEDICAID,,,316.15,HMO (TiC),harvard pilgrim_tic_insurer_mrf,297.13,unitedhealthcare_tic_insurer_mrf,199.42,institutional,institutional,outpatient,fee schedule,,5,,117,165,,400,,
brigham,Brigham and Women's Hospital,Longwood,Mass General Brigham,full,76705,Abdominal US limited,121.0,90.75,37.51,513.1,350.42,estimated_amount,HB BWH MEDICAID,,,316.15,HMO (TiC),harvard pilgrim_tic_insurer_mrf,320.26,unitedhealthcare_tic_insurer_mrf,115.79,institutional,institutional,outpatient,fee schedule,,5,,85,119,,412,,
brigham,Brigham and Women's Hospital,Longwood,Mass General Brigham,full,91110,GI tract capsule endoscopy,4350.0,3262.5,761.55,5010.16,2210.67,estimated_amount,HB BWH MEDICAID,,,1827.72,HMO (TiC),harvard pilgrim_tic_insurer_mrf,3532.13,unitedhealthcare_tic_insurer_mrf,1298.48,institutional,institutional,outpatient,fee schedule,,5,,358,767,,3517,,
cha,CHA Cambridge Hospital,Cambridge,Cambridge Health Alliance,full,43235,EGD diagnostic,1266.0,1266.0,101.39,1266.0,870.88,negotiated_dollar,CHA HB BCBS HMO BLUE,1266.0,negotiated_dollar,2132.34,CHA HB HARVARD PILGRIM HEALTHCARE HPI,estimated_amount,2132.34,estimated_amount,189.23,institutional,institutional,both,fee schedule,,,,604,1359,853,2133,704,
cha,CHA Cambridge Hospital,Cambridge,Cambridge Health Alliance,full,43239,EGD with biopsy,4806.6,4806.6,114.3,1169.15,870.88,negotiated_dollar,CHA HB BCBS HMO BLUE,1825.0,negotiated_dollar,2132.34,CHA HB HARVARD PILGRIM HEALTHCARE HPI,estimated_amount,2329.0,estimated_amount,227.83,institutional,institutional,outpatient,fee schedule,,,,604,1359,853,2133,704,
cha,CHA Cambridge Hospital,Cambridge,Cambridge Health Alliance,full,43244,EGD band ligation,3795.72,3795.72,4.44,2786.83,1696.3,negotiated_dollar,CHA HB BCBS INDEMNITY,1825.0,negotiated_dollar,5.04,CHA HB MEDICARE MANAGED CARE 100 PCT,negotiated_dollar,4.44,negotiated_dollar,,,unknown,outpatient,,,,,753,1175,,3109,1210,
cha,CHA Cambridge Hospital,Cambridge,Cambridge Health Alliance,full,43249,EGD with dilation,5764.4,5764.4,125.9,1696.3,1696.3,negotiated_dollar,CHA HB BCBS PPO,1266.0,negotiated_dollar,10733.6,CHA HB HARVARD PILGRIM HEALTHCARE HPI,estimated_amount,2329.0,unitedhealthcare_tic_insurer_mrf,174.9,institutional,institutional,outpatient,fee schedule,,,,466,783,,3449,1310,
cha,CHA Cambridge Hospital,Cambridge,Cambridge Health Alliance,full,43255,EGD bleeding control,6478.8,6478.8,163.43,2716.63,1696.3,negotiated_dollar,CHA HB BCBS PPO,1825.0,negotiated_dollar,10733.6,CHA HB HARVARD PILGRIM HEALTHCARE HPI,estimated_amount,2329.0,unitedhealthcare_tic_insurer_mrf,227.75,institutional,institutional,outpatient,fee schedule,,,,616,1077,853,2513,930,
cha,CHA Cambridge Hospital,Cambridge,Cambridge Health Alliance,full,43259,EGD with ultrasound,6569.1,6569.1,183.73,1696.3,1696.3,negotiated_dollar,CHA HB BCBS PPO,1825.0,negotiated_dollar,,,,2329.0,unitedhealthcare_tic_insurer_mrf,,,unknown,outpatient,,,,,694,1099,853,2737,1518,
cha,CHA Cambridge Hospital,Cambridge,Cambridge Health Alliance,full,45378,Colonoscopy diagnostic,3510.55,3510.55,4.44,1139.7,851.82,negotiated_dollar,CHA HB BCBS PPO,5.04,negotiated_dollar,5.04,CHA HB MEDICARE MANAGED CARE 100 PCT,negotiated_dollar,4.44,negotiated_dollar,254.61,institutional,institutional,outpatient,fee schedule,,,2360,735,1118,770,1923,908,
cha,CHA Cambridge Hospital,Cambridge,Cambridge Health Alliance,full,45380,Colonoscopy with biopsy,4814.99,4814.99,163.17,1139.7,1120.45,negotiated_dollar,CHA HB BCBS PPO,1646.0,estimated_amount,2743.41,CHA HB HARVARD PILGRIM HEALTHCARE HPI,estimated_amount,1045.99,estimated_amount,295.95,institutional,institutional,outpatient,fee schedule,,,,941,1359,770,2350,866,114
cha,CHA Cambridge Hospital,Cambridge,Cambridge Health Alliance,full,45384,Colonoscopy polyp removal (hot),5418.82,5418.82,4.44,1120.45,1120.45,negotiated_dollar,CHA HB BCBS HMO BLUE,5.04,negotiated_dollar,5.04,CHA HB MEDICARE MANAGED CARE 100 PCT,negotiated_dollar,4.54,negotiated_dollar,333.72,institutional,institutional,outpatient,fee schedule,,,,564,1366,770,2635,1058,114
cha,CHA Cambridge Hospital,Cambridge,Cambridge Health Alliance,full,45385,Colonoscopy polyp removal (snare),1825.0,1825.0,205.78,1825.0,1120.45,negotiated_dollar,CHA HB BCBS INDEMNITY,1825.0,negotiated_dollar,2743.41,CHA HB HARVARD PILGRIM HEALTHCARE HPI,estimated_amount,2329.0,estimated_amount,344.2,institutional,institutional,both,fee schedule,,,,941,1359,770,2350,866,114
cha,CHA Cambridge Hospital,Cambridge,Cambridge Health Alliance,full,45388,Colonoscopy ablation,1766.0,1766.0,217.83,1766.0,1120.45,negotiated_dollar,CHA HB BCBS INDEMNITY,1766.0,negotiated_dollar,,,,2329.0,unitedhealthcare_tic_insurer_mrf,305.72,institutional,institutional,both,fee schedule,,,,843,1080,,2165,976,
cha,CHA Cambridge Hospital,Cambridge,Cambridge Health Alliance,full,74176,CT Abd/Pelvis w/o contrast,3085.0,3085.0,285.02,3085.0,285.02,negotiated_dollar,CHA HB BCBS PPO,3085.0,negotiated_dollar,664.01,CHA HB HARVARD PILGRIM HEALTHCARE HPI,negotiated_dollar,528.75,negotiated_dollar,142.51,institutional,institutional,both,fee schedule,,,,253,403,,984,,
cha,CHA Cambridge Hospital,Cambridge,Cambridge Health Alliance,full,74177,CT Abd/Pelvis w/ contrast,3825.0,3825.0,477.02,3825.0,477.02,negotiated_dollar,CHA HB BCBS INDEMNITY,792.54,negotiated_dollar,1111.33,CHA HB HARVARD PILGRIM HEALTHCARE HPI,negotiated_dollar,846.2,negotiated_dollar,119.26,institutional,institutional,both,fee schedule,,,,281,422,,2215,,
cha,CHA Cambridge Hospital,Cambridge,Cambridge Health Alliance,full,74178,CT Abd/Pelvis w/ and w/o contrast,3825.0,3825.0,477.02,3825.0,477.02,negotiated_dollar,CHA HB BCBS HMO BLUE,3825.0,negotiated_dollar,1111.33,CHA HB HARVARD PILGRIM HEALTHCARE HPI,negotiated_dollar,1111.33,negotiated_dollar,405.47,institutional,institutional,both,fee schedule,,,,281,422,,2215,,
cha,CHA Cambridge Hospital,Cambridge,Cambridge Health Alliance,full,76700,Abdominal US complete,550.0,550.0,128.66,1129.47,128.66,negotiated_dollar,CHA HB BCBS INDEMNITY,281.93,negotiated_dollar,324.03,CHA HB HARVARD PILGRIM HEALTHCARE HPI,negotiated_dollar,324.03,negotiated_dollar,128.66,institutional,institutional,both,fee schedule,,,,117,165,,400,,
cha,CHA Cambridge Hospital,Cambridge,Cambridge Health Alliance,full,76705,Abdominal US limited,550.0,550.0,114.58,1129.47,550.0,negotiated_dollar,CHA HB CATCH-ALL CONTRACT,238.04,negotiated_dollar,324.03,CHA HB HARVARD PILGRIM HEALTHCARE HPI,negotiated_dollar,250.18,negotiated_dollar,128.66,institutional,institutional,both,fee schedule,,,,85,119,,412,,
cha,CHA Cambridge Hospital,Cambridge,Cambridge Health Alliance,full,91110,GI tract capsule endoscopy,3200.0,3200.0,870.88,6838.81,870.88,negotiated_dollar,CHA HB BCBS HMO BLUE,3200.0,negotiated_dollar,,,,2329.0,unitedhealthcare_tic_insurer_mrf,1777.47,institutional,institutional,both,fee schedule,,,,358,767,,3517,,
childrens,Boston Children's Hospital,Longwood,Boston Children's,full,43235,EGD diagnostic,2577.0,2577.0,1262.73,2448.15,189.23,bcbs_tic_insurer_mrf,HMO Blue Fully Insured (TiC),,,,,,,,189.23,institutional,institutional,both,fee schedule,,,,604,1359,853,2133,704,
childrens,Boston Children's Hospital,Longwood,Boston Children's,full,43239,EGD with biopsy,2916.0,2916.0,1428.84,2770.2,227.83,bcbs_tic_insurer_mrf,HMO Blue Fully Insured (TiC),,,,,,,,227.83,institutional,institutional,both,fee schedule,,,,604,1359,853,2133,704,
childrens,Boston Children's Hospital,Longwood,Boston Children's,full,43244,EGD band ligation,5154.0,5154.0,2525.46,4896.3,,,,,,,,,,,,,unknown,both,,,,,753,1175,,3109,1210,
childrens,Boston Children's Hospital,Longwood,Boston Children's,full,43249,EGD with dilation,3227.0,3227.0,1581.23,3579.19,174.9,bcbs_tic_insurer_mrf,HMO Blue Fully Insured (TiC),,,,,,,,174.9,institutional,institutional,both,fee schedule,,,,466,783,,3449,1310,
childrens,Boston Children's Hospital,Longwood,Boston Children's,full,43255,EGD bleeding control,4219.0,4219.0,2067.31,4008.05,227.75,bcbs_tic_insurer_mrf,HMO Blue Fully Insured (TiC),,,,,,,,227.75,institutional,institutional,both,fee schedule,,,,616,1077,853,2513,930,
childrens,Boston Children's Hospital,Longwood,Boston Children's,full,43259,EGD with ultrasound,4741.0,4741.0,2323.09,4503.95,,,,,,,,,,,,,unknown,both,,,,,694,1099,853,2737,1518,
childrens,Boston Children's Hospital,Longwood,Boston Children's,full,45378,Colonoscopy diagnostic,1947.0,1947.0,954.03,1849.65,254.61,bcbs_tic_insurer_mrf,HMO Blue Fully Insured (TiC),,,,,,,,254.61,institutional,institutional,both,fee schedule,,,,735,1118,770,1923,908,
childrens,Boston Children's Hospital,Longwood,Boston Children's,full,45380,Colonoscopy with biopsy,2778.0,2778.0,1361.22,2639.1,295.95,bcbs_tic_insurer_mrf,HMO Blue Fully Insured (TiC),,,,,,,,295.95,institutional,institutional,both,fee schedule,,,,941,1359,770,2350,866,114
childrens,Boston Children's Hospital,Longwood,Boston Children's,full,45384,Colonoscopy polyp removal (hot),4828.0,4828.0,2364.15,4586.6,333.72,bcbs_tic_insurer_mrf,HMO Blue Fully Insured (TiC),,,,,,,,333.72,institutional,institutional,both,fee schedule,,,,564,1366,770,2635,1058,114
childrens,Boston Children's Hospital,Longwood,Boston Children's,full,45385,Colonoscopy polyp removal (snare),2778.0,2778.0,1361.22,2639.1,344.2,bcbs_tic_insurer_mrf,HMO Blue Fully Insured (TiC),,,,,,,,344.2,institutional,institutional,both,fee schedule,,,,941,1359,770,2350,866,114
childrens,Boston Children's Hospital,Longwood,Boston Children's,full,45388,Colonoscopy ablation,5695.0,5695.0,2364.15,5410.25,305.72,bcbs_tic_insurer_mrf,HMO Blue Fully Insured (TiC),,,,,,,,305.72,institutional,institutional,both,fee schedule,,,,843,1080,,2165,976,
childrens,Boston Children's Hospital,Longwood,Boston Children's,full,74176,CT Abd/Pelvis w/o contrast,2468.0,2468.0,890.45,2344.6,1170.97,bcbs_tic_insurer_mrf,HMO Blue Fully Insured (TiC),,,,,,,,1170.97,institutional,institutional,both,fee schedule,,,,253,403,,984,,
childrens,Boston Children's Hospital,Longwood,Boston Children's,full,74177,CT Abd/Pelvis w/ contrast,5195.0,5195.0,1436.74,4935.25,1152.84,bcbs_tic_insurer_mrf,HMO Blue Fully Insured (TiC),,,,,,,,1152.84,institutional,institutional,both,fee schedule,,,,281,422,,2215,,
childrens,Boston Children's Hospital,Longwood,Boston Children's,full,74178,CT Abd/Pelvis w/ and w/o contrast,5864.0,5864.0,1436.74,5570.8,1959.85,bcbs_tic_insurer_mrf,HMO Blue Fully Insured (TiC),,,,,,,,1959.85,institutional,institutional,both,fee schedule,,,,281,422,,2215,,
childrens,Boston Children's Hospital,Longwood,Boston Children's,full,76700,Abdominal US complete,1005.0,1005.0,231.59,954.75,231.59,bcbs_tic_insurer_mrf,HMO Blue Fully Insured (TiC),,,,,,,,231.59,institutional,institutional,both,fee schedule,,,,117,165,,400,,
childrens,Boston Children's Hospital,Longwood,Boston Children's,full,76705,Abdominal US limited,766.0,766.0,231.59,727.7,115.79,bcbs_tic_insurer_mrf,HMO Blue Fully Insured (TiC),,,,,,,,115.79,institutional,institutional,both,fee schedule,,,,85,119,,412,,
childrens,Boston Children's Hospital,Longwood,Boston Children's,full,91110,GI tract capsule endoscopy,6018.0,6018.0,1837.56,5717.1,1837.56,bcbs_tic_insurer_mrf,HMO Blue Fully Insured (TiC),,,,,,,,1837.56,institutional,institutional,both,fee schedule,,,,358,767,,3517,,
dana_farber,Dana-Farber Cancer Institute,Longwood,Dana-Farber,gross_only,43235,EGD diagnostic,2069.0,1551.75,,,,,,,,,,,,,,,unknown,both,,,,,604,1359,853,2133,704,
dana_farber,Dana-Farber Cancer Institute,Longwood,Dana-Farber,gross_only,43239,EGD with biopsy,3580.0,2685.0,,,,,,,,,,,,,,,unknown,both,,,,,604,1359,853,2133,704,
dana_farber,Dana-Farber Cancer Institute,Longwood,Dana-Farber,gross_only,43249,EGD with dilation,3128.0,2346.0,,,,,,,,,,,,,,,unknown,both,,,,,466,783,,3449,1310,
dana_farber,Dana-Farber Cancer Institute,Longwood,Dana-Farber,gross_only,43255,EGD bleeding control,3128.0,2346.0,,,,,,,,,,,,,,,unknown,both,,,,,616,1077,853,2513,930,
dana_farber,Dana-Farber Cancer Institute,Longwood,Dana-Farber,gross_only,43259,EGD with ultrasound,3128.0,2346.0,,,,,,,,,,,,,,,unknown,both,,,,,694,1099,853,2737,1518,
dana_farber,Dana-Farber Cancer Institute,Longwood,Dana-Farber,gross_only,45378,Colonoscopy diagnostic,3359.0,2519.25,,,,,,,,,,,,,,,unknown,both,,2519,,,735,1118,770,1923,908,
dana_farber,Dana-Farber Cancer Institute,Longwood,Dana-Farber,gross_only,45380,Colonoscopy with biopsy,2276.0,1707.0,,,,,,,,,,,,,,,unknown,both,,,,,941,1359,770,2350,866,114
dana_farber,Dana-Farber Cancer Institute,Longwood,Dana-Farber,gross_only,45385,Colonoscopy polyp removal (snare),2276.0,1707.0,,,,,,,,,,,,,,,unknown,both,,,,,941,1359,770,2350,866,114
dana_farber,Dana-Farber Cancer Institute,Longwood,Dana-Farber,gross_only,74176,CT Abd/Pelvis w/o contrast,3111.0,2333.25,,,,,,,,,,,,,,,unknown,both,,3031,,,253,403,,984,,
dana_farber,Dana-Farber Cancer Institute,Longwood,Dana-Farber,gross_only,74177,CT Abd/Pelvis w/ contrast,4041.0,3030.75,,,,,,,,,,,,,,,unknown,both,,3031,,,281,422,,2215,,
dana_farber,Dana-Farber Cancer Institute,Longwood,Dana-Farber,gross_only,74178,CT Abd/Pelvis w/ and w/o contrast,4443.0,3332.25,,,,,,,,,,,,,,,unknown,both,,3031,,,281,422,,2215,,
dana_farber,Dana-Farber Cancer Institute,Longwood,Dana-Farber,gross_only,76700,Abdominal US complete,833.0,624.75,,,,,,,,,,,,,,,unknown,both,,,,,117,165,,400,,
dana_farber,Dana-Farber Cancer Institute,Longwood,Dana-Farber,gross_only,76705,Abdominal US limited,801.0,600.75,,,,,,,,,,,,,,,unknown,both,,,,,85,119,,412,,
dana_farber,Dana-Farber Cancer Institute,Longwood,Dana-Farber,gross_only,91110,GI tract capsule endoscopy,4841.0,3630.75,,,,,,,,,,,,,,,unknown,both,,,,,358,767,,3517,,
faulkner,Brigham and Women's Faulkner Hospital,Jamaica Plain,Mass General Brigham,full,43235,EGD diagnostic,2108.0,1581.0,761.55,2130.0,1516.96,estimated_amount,HB BWF MEDICAID,,,1888.64,HMO (TiC),harvard pilgrim_tic_insurer_mrf,,,,,unknown,outpatient,,,5,,604,1359,853,2133,704,
faulkner,Brigham and Women's Faulkner Hospital,Jamaica Plain,Mass General Brigham,full,43239,EGD with biopsy,2248.0,1686.0,761.55,2130.0,1734.79,estimated_amount,HB BWF MEDICAID,,,1888.64,HMO (TiC),harvard pilgrim_tic_insurer_mrf,,,,,unknown,outpatient,,,5,,604,1359,853,2133,704,
faulkner,Brigham and Women's Faulkner Hospital,Jamaica Plain,Mass General Brigham,full,43244,EGD band ligation,3206.0,2404.5,1335.02,4472.66,1516.96,estimated_amount,HB BWF MEDICAID,,,3310.85,HMO (TiC),harvard pilgrim_tic_insurer_mrf,,,,,unknown,outpatient,,,5,,753,1175,,3109,1210,
faulkner,Brigham and Women's Faulkner Hospital,Jamaica Plain,Mass General Brigham,full,43249,EGD with dilation,2577.0,1932.75,1145.48,2906.42,,,,,,3310.85,HMO (TiC),harvard pilgrim_tic_insurer_mrf,,,,,unknown,outpatient,,,5,,466,783,,3449,1310,
faulkner,Brigham and Women's Faulkner Hospital,Jamaica Plain,Mass General Brigham,full,43255,EGD bleeding control,3179.0,2384.25,1335.02,4472.66,,,,,,3310.85,HMO (TiC),harvard pilgrim_tic_insurer_mrf,,,,,unknown,outpatient,,,5,,616,1077,853,2513,930,
faulkner,Brigham and Women's Faulkner Hospital,Jamaica Plain,Mass General Brigham,full,43259,EGD with ultrasound,3382.0,2536.5,1335.02,4472.66,2698.32,estimated_amount,HB BWF MEDICAID,,,3310.85,HMO (TiC),harvard pilgrim_tic_insurer_mrf,,,,,unknown,outpatient,,,5,,694,1099,853,2737,1518,
faulkner,Brigham and Women's Faulkner Hospital,Jamaica Plain,Mass General Brigham,full,45378,Colonoscopy diagnostic,3629.0,2721.75,744.89,2846.95,3017.46,estimated_amount,HB BWF MEDICAID,,,1847.33,HMO (TiC),harvard pilgrim_tic_insurer_mrf,,,,,unknown,outpatient,,2722,5,2345,735,1118,770,1923,908,
faulkner,Brigham and Women's Faulkner Hospital,Jamaica Plain,Mass General Brigham,full,45380,Colonoscopy with biopsy,2353.0,1764.75,979.79,2216.0,1895.58,estimated_amount,HB BWF MEDICAID,,,2429.88,HMO (TiC),harvard pilgrim_tic_insurer_mrf,,,,,unknown,outpatient,,,5,,941,1359,770,2350,866,114
faulkner,Brigham and Women's Faulkner Hospital,Jamaica Plain,Mass General Brigham,full,45384,Colonoscopy polyp removal (hot),,,,,,,,,,2429.88,HMO (TiC),harvard pilgrim_tic_insurer_mrf,,,,,unknown,,,,5,,564,1366,770,2635,1058,114
faulkner,Brigham and Women's Faulkner Hospital,Jamaica Plain,Mass General Brigham,full,45385,Colonoscopy polyp removal (snare),2538.0,1903.5,979.79,2216.0,2061.8,estimated_amount,HB BWF MEDICAID,,,2429.88,HMO (TiC),harvard pilgrim_tic_insurer_mrf,,,,,unknown,outpatient,,,5,,941,1359,770,2350,866,114
faulkner,Brigham and Women's Faulkner Hospital,Jamaica Plain,Mass General Brigham,full,45388,Colonoscopy ablation,,,,,,,,,,2429.88,HMO (TiC),harvard pilgrim_tic_insurer_mrf,,,,,unknown,,,,5,,843,1080,,2165,976,
faulkner,Brigham and Women's Faulkner Hospital,Jamaica Plain,Mass General Brigham,full,74176,CT Abd/Pelvis w/o contrast,1464.0,1098.0,520.31,1068.72,305.88,estimated_amount,HB BWF MEDICAID,,,567.18,HMO (TiC),harvard pilgrim_tic_insurer_mrf,,,,,unknown,inpatient,,2262,5,,253,403,,984,,
faulkner,Brigham and Women's Faulkner Hospital,Jamaica Plain,Mass General Brigham,full,74177,CT Abd/Pelvis w/ contrast,2339.0,1754.25,385.88,1730.92,618.71,estimated_amount,HB BWF MEDICAID,,,949.26,HMO (TiC),harvard pilgrim_tic_insurer_mrf,,,,,unknown,outpatient,,2262,5,,281,422,,2215,,
faulkner,Brigham and Women's Faulkner Hospital,Jamaica Plain,Mass General Brigham,full,74178,CT Abd/Pelvis w/ and w/o contrast,3016.0,2262.0,385.88,2201.68,204.11,estimated_amount,HB BWF MEDICAID,,,949.26,HMO (TiC),harvard pilgrim_tic_insurer_mrf,,,,,unknown,outpatient,,2262,5,,281,422,,2215,,
faulkner,Brigham and Women's Faulkner Hospital,Jamaica Plain,Mass General Brigham,full,76700,Abdominal US complete,826.0,619.5,112.51,648.0,503.23,estimated_amount,HB BWF MEDICAID,,,276.77,HMO (TiC),harvard pilgrim_tic_insurer_mrf,,,,,unknown,outpatient,,,5,,117,165,,400,,
faulkner,Brigham and Women's Faulkner Hospital,Jamaica Plain,Mass General Brigham,full,76705,Abdominal US limited,667.0,500.25,112.51,523.26,324.19,estimated_amount,HB BWF MEDICAID,,,276.77,HMO (TiC),harvard pilgrim_tic_insurer_mrf,,,,,unknown,outpatient,,,5,,85,119,,412,,
faulkner,Brigham and Women's Faulkner Hospital,Jamaica Plain,Mass General Brigham,full,91110,GI tract capsule endoscopy,,,,,,,,,,1888.64,HMO (TiC),harvard pilgrim_tic_insurer_mrf,,,,,unknown,,,,5,,358,767,,3517,,
franciscan,Franciscan Childrens,Brighton,Boston Children's,full,43235,EGD diagnostic,,,,,,,,,,249.07,HMO (TiC),harvard pilgrim_tic_insurer_mrf,,,,,unknown,,,,,,604,1359,853,2133,704,
franciscan,Franciscan Childrens,Brighton,Boston Children's,full,43239,EGD with biopsy,,,,,,,,,,279.79,HMO (TiC),harvard pilgrim_tic_insurer_mrf,,,,,unknown,,,,,,604,1359,853,2133,704,
franciscan,Franciscan Childrens,Brighton,Boston Children's,full,43244,EGD band ligation,,,,,,,,,,493.37,HMO (TiC),harvard pilgrim_tic_insurer_mrf,,,,,unknown,,,,,,753,1175,,3109,1210,
franciscan,Franciscan Childrens,Brighton,Boston Children's,full,43249,EGD with dilation,,,,,,,,,,310.49,HMO (TiC),harvard pilgrim_tic_insurer_mrf,,,,,unknown,,,,,,466,783,,3449,1310,
franciscan,Franciscan Childrens,Brighton,Boston Children's,full,43255,EGD bleeding control,,,,,,,,,,404.65,HMO (TiC),harvard pilgrim_tic_insurer_mrf,,,,,unknown,,,,,,616,1077,853,2513,930,
franciscan,Franciscan Childrens,Brighton,Boston Children's,full,43259,EGD with ultrasound,,,,,,,,,,456.52,HMO (TiC),harvard pilgrim_tic_insurer_mrf,,,,,unknown,,,,,,694,1099,853,2737,1518,
franciscan,Franciscan Childrens,Brighton,Boston Children's,full,45378,Colonoscopy diagnostic,,,,,,,,,,373.95,HMO (TiC),harvard pilgrim_tic_insurer_mrf,,,,,unknown,,,,,,735,1118,770,1923,908,
franciscan,Franciscan Childrens,Brighton,Boston Children's,full,45380,Colonoscopy with biopsy,,,,,,,,,,406.7,HMO (TiC),harvard pilgrim_tic_insurer_mrf,,,,,unknown,,,,,,941,1359,770,2350,866,114
franciscan,Franciscan Childrens,Brighton,Boston Children's,full,45384,Colonoscopy polyp removal (hot),,,,,,,,,,461.98,HMO (TiC),harvard pilgrim_tic_insurer_mrf,,,,,unknown,,,,,,564,1366,770,2635,1058,114
franciscan,Franciscan Childrens,Brighton,Boston Children's,full,45385,Colonoscopy polyp removal (snare),,,,,,,,,,512.48,HMO (TiC),harvard pilgrim_tic_insurer_mrf,,,,,unknown,,,,,,941,1359,770,2350,866,114
franciscan,Franciscan Childrens,Brighton,Boston Children's,full,45388,Colonoscopy ablation,,,,,,,,,,545.23,HMO (TiC),harvard pilgrim_tic_insurer_mrf,,,,,unknown,,,,,,843,1080,,2165,976,
franciscan,Franciscan Childrens,Brighton,Boston Children's,full,74176,CT Abd/Pelvis w/o contrast,,,,,,,,,,167.18,HMO (TiC),harvard pilgrim_tic_insurer_mrf,,,,,unknown,,,,,,253,403,,984,,
franciscan,Franciscan Childrens,Brighton,Boston Children's,full,74177,CT Abd/Pelvis w/ contrast,,,,,,,,,,176.06,HMO (TiC),harvard pilgrim_tic_insurer_mrf,,,,,unknown,,,,,,281,422,,2215,,
franciscan,Franciscan Childrens,Brighton,Boston Children's,full,74178,CT Abd/Pelvis w/ and w/o contrast,,,,,,,,,,193.12,HMO (TiC),harvard pilgrim_tic_insurer_mrf,,,,,unknown,,,,,,281,422,,2215,,
franciscan,Franciscan Childrens,Brighton,Boston Children's,full,76700,Abdominal US complete,,,,,,,,,,77.79,HMO (TiC),harvard pilgrim_tic_insurer_mrf,,,,,unknown,,,,,,117,165,,400,,
franciscan,Franciscan Childrens,Brighton,Boston Children's,full,76705,Abdominal US limited,,,,,,,,,,56.64,HMO (TiC),harvard pilgrim_tic_insurer_mrf,,,,,unknown,,,,,,85,119,,412,,
franciscan,Franciscan Childrens,Brighton,Boston Children's,full,91110,GI tract capsule endoscopy,,,,,,,,,,225.19,HMO (TiC),harvard pilgrim_tic_insurer_mrf,,,,,unknown,,,,,,358,767,,3517,,
mgh,Massachusetts General Hospital,West End,Mass General Brigham,full,43235,EGD diagnostic,2421.0,1815.75,1038.61,1924.7,1516.96,estimated_amount,HB MGH MEDICAID,,,1827.72,HMO (TiC),harvard pilgrim_tic_insurer_mrf,,,496.88,institutional,institutional,inpatient,fee schedule,,5,,604,1359,853,2133,704,
mgh,Massachusetts General Hospital,West End,Mass General Brigham,full,43239,EGD with biopsy,3692.0,2769.0,761.55,3017.1,2047.48,estimated_amount,HB MGH MEDICAID,,,1827.72,HMO (TiC),harvard pilgrim_tic_insurer_mrf,,,598.24,institutional,institutional,outpatient,fee schedule,,5,,604,1359,853,2133,704,
mgh,Massachusetts General Hospital,West End,Mass General Brigham,full,43244,EGD band ligation,3611.0,2708.25,1119.41,5545.35,2585.83,estimated_amount,HB MGH MEDICAID,,,3204.05,HMO (TiC),harvard pilgrim_tic_insurer_mrf,,,,,unknown,outpatient,,,5,,753,1175,,3109,1210,
mgh,Massachusetts General Hospital,West End,Mass General Brigham,full,43249,EGD with dilation,3643.0,2732.25,1129.33,2977.06,1516.96,estimated_amount,HB MGH MEDICAID,,,3204.05,HMO (TiC),harvard pilgrim_tic_insurer_mrf,,,459.25,institutional,institutional,outpatient,fee schedule,,5,,466,783,,3449,1310,
mgh,Massachusetts General Hospital,West End,Mass General Brigham,full,43255,EGD bleeding control,,,,,598.03,bcbs_tic_insurer_mrf,HMO Blue Fully Insured (TiC),,,3204.05,HMO (TiC),harvard pilgrim_tic_insurer_mrf,,,598.03,institutional,institutional,outpatient,fee schedule,,5,,616,1077,853,2513,930,
mgh,Massachusetts General Hospital,West End,Mass General Brigham,full,43259,EGD with ultrasound,3576.0,2682.0,1108.56,5545.35,2910.56,estimated_amount,HB MGH MEDICAID,,,3204.05,HMO (TiC),harvard pilgrim_tic_insurer_mrf,,,,,unknown,outpatient,,,5,,694,1099,853,2737,1518,
mgh,Massachusetts General Hospital,West End,Mass General Brigham,full,45378,Colonoscopy diagnostic,3883.0,2912.25,744.89,3173.19,3410.76,estimated_amount,HB MGH MEDICAID,,,1787.74,HMO (TiC),harvard pilgrim_tic_insurer_mrf,,,668.55,institutional,institutional,outpatient,fee schedule,2912,5,2616,735,1118,770,1923,908,
mgh,Massachusetts General Hospital,West End,Mass General Brigham,full,45380,Colonoscopy with biopsy,2621.0,1965.75,812.51,2384.07,2124.02,estimated_amount,HB MGH MEDICAID,,,2351.5,HMO (TiC),harvard pilgrim_tic_insurer_mrf,,,777.11,institutional,institutional,outpatient,fee schedule,,5,,941,1359,770,2350,866,114
mgh,Massachusetts General Hospital,West End,Mass General Brigham,full,45384,Colonoscopy polyp removal (hot),,,,,876.28,bcbs_tic_insurer_mrf,HMO Blue Fully Insured (TiC),,,2351.5,HMO (TiC),harvard pilgrim_tic_insurer_mrf,,,876.28,institutional,institutional,outpatient,fee schedule,,5,,564,1366,770,2635,1058,114
mgh,Massachusetts General Hospital,West End,Mass General Brigham,full,45385,Colonoscopy polyp removal (snare),2618.0,1963.5,811.58,2453.74,1971.37,estimated_amount,HB MGH MEDICAID,,,2351.5,HMO (TiC),harvard pilgrim_tic_insurer_mrf,,,903.8,institutional,institutional,outpatient,fee schedule,,5,,941,1359,770,2350,866,114
mgh,Massachusetts General Hospital,West End,Mass General Brigham,full,45388,Colonoscopy ablation,,,,,802.76,bcbs_tic_insurer_mrf,HMO Blue Fully Insured (TiC),,,2351.5,HMO (TiC),harvard pilgrim_tic_insurer_mrf,,,802.76,institutional,institutional,outpatient,fee schedule,,5,,843,1080,,2165,976,
mgh,Massachusetts General Hospital,West End,Mass General Brigham,full,74176,CT Abd/Pelvis w/o contrast,1765.0,1323.75,230.56,1419.06,393.72,estimated_amount,HB MGH MEDICAID,,,647.87,HMO (TiC),harvard pilgrim_tic_insurer_mrf,,,345.39,institutional,institutional,outpatient,fee schedule,2698,5,,253,403,,984,,
mgh,Massachusetts General Hospital,West End,Mass General Brigham,full,74177,CT Abd/Pelvis w/ contrast,2840.0,2130.0,385.88,2283.36,1352.95,estimated_amount,HB MGH MEDICAID,,,1084.32,HMO (TiC),harvard pilgrim_tic_insurer_mrf,,,1156.15,institutional,institutional,outpatient,fee schedule,2698,5,,281,422,,2215,,
mgh,Massachusetts General Hospital,West End,Mass General Brigham,full,74178,CT Abd/Pelvis w/ and w/o contrast,3598.0,2698.5,385.88,2892.79,721.2,estimated_amount,HB MGH MEDICAID,,,1084.32,HMO (TiC),harvard pilgrim_tic_insurer_mrf,,,1156.15,institutional,institutional,outpatient,fee schedule,2698,5,,281,422,,2215,,
mgh,Massachusetts General Hospital,West End,Mass General Brigham,full,76700,Abdominal US complete,987.0,740.25,112.51,806.58,383.05,estimated_amount,HB MGH MEDICAID,,,316.15,HMO (TiC),harvard pilgrim_tic_insurer_mrf,,,199.42,institutional,institutional,outpatient,fee schedule,,5,,117,165,,400,,
mgh,Massachusetts General Hospital,West End,Mass General Brigham,full,76705,Abdominal US limited,121.0,90.75,37.51,513.1,711.63,estimated_amount,HB MGH MEDICAID,,,316.15,HMO (TiC),harvard pilgrim_tic_insurer_mrf,,,115.79,institutional,institutional,outpatient,fee schedule,,5,,85,119,,412,,
mgh,Massachusetts General Hospital,West End,Mass General Brigham,full,91110,GI tract capsule endoscopy,4350.0,3262.5,761.55,5010.16,2647.33,estimated_amount,HB MGH MEDICAID,,,1827.72,HMO (TiC),harvard pilgrim_tic_insurer_mrf,,,1298.48,institutional,institutional,outpatient,fee schedule,,5,,358,767,,3517,,
mtauburn,Mount Auburn Hospital,Cambridge,Beth Israel Lahey Health,gross_only,43235,EGD diagnostic,1970.0,,,,,,,,,,,,,,,,unknown,both,,,5,,604,1359,853,2133,704,
mtauburn,Mount Auburn Hospital,Cambridge,Beth Israel Lahey Health,gross_only,43239,EGD with biopsy,2139.0,,,,,,,,,,,,,,,,unknown,both,,,5,,604,1359,853,2133,704,
mtauburn,Mount Auburn Hospital,Cambridge,Beth Israel Lahey Health,gross_only,43244,EGD band ligation,5273.0,,,,,,,,,,,,,,,,unknown,both,,,5,,753,1175,,3109,1210,
mtauburn,Mount Auburn Hospital,Cambridge,Beth Israel Lahey Health,gross_only,43249,EGD with dilation,2647.0,,,,,,,,,,,,,,,,unknown,both,,,5,,466,783,,3449,1310,
mtauburn,Mount Auburn Hospital,Cambridge,Beth Israel Lahey Health,gross_only,43255,EGD bleeding control,5273.0,,,,,,,,,,,,,,,,unknown,both,,,5,,616,1077,853,2513,930,
mtauburn,Mount Auburn Hospital,Cambridge,Beth Israel Lahey Health,gross_only,43259,EGD with ultrasound,5734.0,,,,,,,,,,,,,,,,unknown,both,,,5,,694,1099,853,2737,1518,
mtauburn,Mount Auburn Hospital,Cambridge,Beth Israel Lahey Health,gross_only,45378,Colonoscopy diagnostic,2097.0,,,,,,,,,,,,,,,,unknown,both,,3248,5,,735,1118,770,1923,908,
mtauburn,Mount Auburn Hospital,Cambridge,Beth Israel Lahey Health,gross_only,45380,Colonoscopy with biopsy,2097.0,,,,,,,,,,,,,,,,unknown,both,,,5,,941,1359,770,2350,866,114
mtauburn,Mount Auburn Hospital,Cambridge,Beth Israel Lahey Health,gross_only,45384,Colonoscopy polyp removal (hot),3248.0,,,,,,,,,,,,,,,,unknown,both,,,5,,564,1366,770,2635,1058,114
mtauburn,Mount Auburn Hospital,Cambridge,Beth Israel Lahey Health,gross_only,45385,Colonoscopy polyp removal (snare),3248.0,,,,,,,,,,,,,,,,unknown,both,,,5,,941,1359,770,2350,866,114
mtauburn,Mount Auburn Hospital,Cambridge,Beth Israel Lahey Health,gross_only,45388,Colonoscopy ablation,3248.0,,,,,,,,,,,,,,,,unknown,both,,,5,,843,1080,,2165,976,
mtauburn,Mount Auburn Hospital,Cambridge,Beth Israel Lahey Health,gross_only,74176,CT Abd/Pelvis w/o contrast,1714.0,,,,,,,,,,,,,,,,unknown,both,,1486,5,,253,403,,984,,
mtauburn,Mount Auburn Hospital,Cambridge,Beth Israel Lahey Health,gross_only,74177,CT Abd/Pelvis w/ contrast,2432.0,,,,,,,,,,,,,,,,unknown,both,,1486,5,,281,422,,2215,,
mtauburn,Mount Auburn Hospital,Cambridge,Beth Israel Lahey Health,gross_only,74178,CT Abd/Pelvis w/ and w/o contrast,2432.0,,,,,,,,,,,,,,,,unknown,both,,1486,5,,281,422,,2215,,
mtauburn,Mount Auburn Hospital,Cambridge,Beth Israel Lahey Health,gross_only,76700,Abdominal US complete,1002.0,,,,,,,,,,,,,,,,unknown,both,,,5,,117,165,,400,,
mtauburn,Mount Auburn Hospital,Cambridge,Beth Israel Lahey Health,gross_only,76705,Abdominal US limited,708.0,,,,,,,,,,,,,,,,unknown,both,,,5,,85,119,,412,,
mtauburn,Mount Auburn Hospital,Cambridge,Beth Israel Lahey Health,gross_only,91110,GI tract capsule endoscopy,4471.0,,,,,,,,,,,,,,,,unknown,both,,,5,,358,767,,3517,,
tufts,Tufts Medical Center,Downtown/Chinatown,Tufts Medicine,full,43235,EGD diagnostic,2001.0,1400.7,979.38,1958.77,1667.63,estimated_amount,BLUE CROSS BLUE SELECT [10027411],1250.83,estimated_amount,1100.55,HARVARD PILGRIM ENHANCE [10024104],estimated_amount,2001.0,estimated_amount,259.06,institutional,institutional,outpatient,fee schedule,,3,,604,1359,853,2133,704,
tufts,Tufts Medical Center,Downtown/Chinatown,Tufts Medicine,full,43239,EGD with biopsy,2003.0,1402.1,979.38,1958.77,1669.3,estimated_amount,BLUE CROSS BLUE SELECT [10027411],1252.08,estimated_amount,1101.65,HARVARD PILGRIM ENHANCE [10024104],estimated_amount,2003.0,estimated_amount,311.9,institutional,institutional,outpatient,fee schedule,,3,,604,1359,853,2133,704,
tufts,Tufts Medical Center,Downtown/Chinatown,Tufts Medicine,full,43244,EGD band ligation,4497.0,3147.9,4668.99,4668.99,3747.8,estimated_amount,BLUE CROSS BLUE SELECT [10027411],2811.07,estimated_amount,2473.35,HARVARD PILGRIM ENHANCE [10024104],estimated_amount,4497.0,estimated_amount,,,unknown,outpatient,,,3,,753,1175,,3109,1210,
tufts,Tufts Medical Center,Downtown/Chinatown,Tufts Medicine,full,43249,EGD with dilation,2460.0,1722.0,1958.77,1958.77,2050.16,estimated_amount,BLUE CROSS BLUE SELECT [10027411],1537.75,estimated_amount,1353.0,HARVARD PILGRIM ENHANCE [10024104],estimated_amount,2460.0,estimated_amount,239.44,institutional,institutional,outpatient,fee schedule,,3,,466,783,,3449,1310,
tufts,Tufts Medical Center,Downtown/Chinatown,Tufts Medicine,full,43255,EGD bleeding control,4497.0,3147.9,4668.99,4668.99,3747.8,estimated_amount,BLUE CROSS BLUE SELECT [10027411],2811.07,estimated_amount,2473.35,HARVARD PILGRIM ENHANCE [10024104],estimated_amount,4497.0,estimated_amount,311.79,institutional,institutional,outpatient,fee schedule,,3,,616,1077,853,2513,930,
tufts,Tufts Medical Center,Downtown/Chinatown,Tufts Medicine,full,43259,EGD with ultrasound,4497.0,3147.9,4668.99,4668.99,3747.8,estimated_amount,BLUE CROSS BLUE SELECT [10027411],2811.07,estimated_amount,2473.35,HARVARD PILGRIM ENHANCE [10024104],estimated_amount,4497.0,estimated_amount,,,unknown,outpatient,,,3,,694,1099,853,2737,1518,
tufts,Tufts Medical Center,Downtown/Chinatown,Tufts Medicine,full,45378,Colonoscopy diagnostic,2587.0,1810.9,361.17,1958.77,1640.61,negotiated_dollar,BLUE CROSS BLUE SELECT [10027411],1617.13,estimated_amount,744.89,HARVARD PILGRIM ENHANCE [10024104],negotiated_dollar,744.89,negotiated_dollar,348.56,institutional,institutional,outpatient,fee schedule,1983,3,3517,735,1118,770,1923,908,
tufts,Tufts Medical Center,Downtown/Chinatown,Tufts Medicine,full,45380,Colonoscopy with biopsy,2490.0,1743.0,979.38,1958.77,2075.17,estimated_amount,BLUE CROSS BLUE SELECT [10027411],1556.5,estimated_amount,1369.5,HARVARD PILGRIM ENHANCE [10024104],estimated_amount,2490.0,estimated_amount,405.16,institutional,institutional,outpatient,fee schedule,,3,,941,1359,770,2350,866,114
tufts,Tufts Medical Center,Downtown/Chinatown,Tufts Medicine,full,45384,Colonoscopy polyp removal (hot),2802.0,1961.4,1958.77,1958.77,2335.19,estimated_amount,BLUE CROSS BLUE SELECT [10027411],1751.53,estimated_amount,1541.1,HARVARD PILGRIM ENHANCE [10024104],estimated_amount,2802.0,estimated_amount,456.86,institutional,institutional,outpatient,fee schedule,,3,,564,1366,770,2635,1058,114
tufts,Tufts Medical Center,Downtown/Chinatown,Tufts Medicine,full,45385,Colonoscopy polyp removal (snare),2490.0,1743.0,489.9,2157.99,2157.99,negotiated_dollar,BLUE CROSS BLUE SELECT [10027411],1556.5,estimated_amount,979.79,HARVARD PILGRIM ENHANCE [10024104],negotiated_dollar,979.79,negotiated_dollar,471.21,institutional,institutional,outpatient,fee schedule,,3,,941,1359,770,2350,866,114
tufts,Tufts Medical Center,Downtown/Chinatown,Tufts Medicine,full,45388,Colonoscopy ablation,4164.0,2914.8,1958.77,1958.77,3470.28,estimated_amount,BLUE CROSS BLUE SELECT [10027411],2602.92,estimated_amount,2290.2,HARVARD PILGRIM ENHANCE [10024104],estimated_amount,4164.0,estimated_amount,418.53,institutional,institutional,outpatient,fee schedule,,3,,843,1080,,2165,976,
tufts,Tufts Medical Center,Downtown/Chinatown,Tufts Medicine,full,74176,CT Abd/Pelvis w/o contrast,1338.0,936.6,230.56,1223.13,891.43,negotiated_dollar,BLUE CROSS BLUE SELECT [10027411],836.38,estimated_amount,230.56,HARVARD PILGRIM ENHANCE [10024104],negotiated_dollar,230.56,negotiated_dollar,313.62,institutional,institutional,outpatient,fee schedule,1314,3,,253,403,,984,,
tufts,Tufts Medical Center,Downtown/Chinatown,Tufts Medicine,full,74177,CT Abd/Pelvis w/ contrast,2158.0,1510.6,192.94,1925.86,1491.97,negotiated_dollar,BLUE CROSS BLUE SELECT [10027411],1348.97,estimated_amount,385.88,HARVARD PILGRIM ENHANCE [10024104],negotiated_dollar,385.88,negotiated_dollar,1049.81,institutional,institutional,outpatient,fee schedule,1314,3,,281,422,,2215,,
tufts,Tufts Medical Center,Downtown/Chinatown,Tufts Medicine,full,74178,CT Abd/Pelvis w/ and w/o contrast,2158.0,1510.6,192.94,1925.86,1491.97,negotiated_dollar,BLUE CROSS BLUE SELECT [10027411],1348.97,estimated_amount,385.88,HARVARD PILGRIM ENHANCE [10024104],negotiated_dollar,385.88,negotiated_dollar,1049.81,institutional,institutional,outpatient,fee schedule,1314,3,,281,422,,2215,,
tufts,Tufts Medical Center,Downtown/Chinatown,Tufts Medicine,full,76700,Abdominal US complete,917.0,641.9,112.51,560.99,199.42,negotiated_dollar,BLUE CROSS BLUE SELECT [10027411],573.22,estimated_amount,112.51,HARVARD PILGRIM ENHANCE [10024104],negotiated_dollar,112.51,negotiated_dollar,199.42,institutional,institutional,outpatient,fee schedule,,3,,117,165,,400,,
tufts,Tufts Medical Center,Downtown/Chinatown,Tufts Medicine,full,76705,Abdominal US limited,584.0,408.8,112.51,559.77,199.42,negotiated_dollar,BLUE CROSS BLUE SELECT [10027411],365.06,estimated_amount,112.51,HARVARD PILGRIM ENHANCE [10024104],negotiated_dollar,112.51,negotiated_dollar,115.79,institutional,institutional,outpatient,fee schedule,,3,,85,119,,412,,
tufts,Tufts Medical Center,Downtown/Chinatown,Tufts Medicine,full,91110,GI tract capsule endoscopy,3784.0,2648.8,380.78,4095.71,1677.31,negotiated_dollar,BLUE CROSS BLUE SELECT [10027411],2365.38,estimated_amount,761.55,HARVARD PILGRIM ENHANCE [10024104],negotiated_dollar,761.55,negotiated_dollar,1166.98,institutional,institutional,outpatient,fee schedule,,3,,358,767,,3517,,
